season,week,logged,kickoff,market,pick,game,team,home,away,point,side,stat,player_id,line,price,units,p,ev,support,confidence,tier,result,profit_units
2026,4,2026-09-28T07:07:04.054835+00:00,2026-09-29T00:15:00Z,Prop,Saquon Barkley Under 2.5 receptions,PHI vs LA,PHI,,,,Under,receptions,00-0034844,2.5,-154,1.5,0.6809980316568476,0.1232045457197356,3,68.1,Favored,,
2026,4,2026-09-28T07:07:04.054835+00:00,2026-09-29T00:15:00Z,Prop,Saquon Barkley Under 13.5 rec yds,PHI vs LA,PHI,,,,Under,receiving_yards,00-0034844,13.5,-113,1.5,0.6616688476526874,0.2472165004426763,3,66.2,Favored,,
2026,4,2026-09-28T07:07:04.054835+00:00,2026-09-29T00:15:00Z,Prop,Makai Lemon Under 26.5 rec yds,PHI vs LA,PHI,,,,Under,receiving_yards,00-0040867,26.5,-113,1.5,0.6608705908372503,0.2457118216666753,2,66.1,Favored,,
2026,4,2026-09-28T07:07:04.054835+00:00,2026-09-29T00:15:00Z,Prop,Saquon Barkley Under 71.5 rush yds,PHI vs LA,PHI,,,,Under,rushing_yards,00-0034844,71.5,-113,1.5,0.6596102057008884,0.2433360514538869,3,66.0,Favored,,
2026,4,2026-09-28T07:07:04.054835+00:00,2026-09-29T00:15:00Z,Prop,Tank Bigsby Over 11.5 rush yds,PHI vs LA,PHI,,,,Over,rushing_yards,00-0038555,11.5,-113,1.5,0.6345831618188861,0.1961611811276348,3,63.5,Favored,,
2026,4,2026-09-28T07:07:04.054835+00:00,2026-09-29T00:15:00Z,Prop,Dontayvion Wicks Under 3.5 receptions,PHI vs LA,PHI,,,,Under,receptions,00-0038393,3.5,-180,1.5,0.6326196478429876,-0.0159249922442414,2,63.3,Favored,,
2026,4,2026-09-28T07:07:04.054835+00:00,2026-09-29T00:15:00Z,Prop,D'Andre Swift Over 1.5 receptions,CHI vs NYJ,CHI,,,,Over,receptions,00-0036275,1.5,-148,1.5,0.608917001885022,0.0203474085640908,3,60.9,Favored,,
2026,4,2026-09-28T07:07:04.054835+00:00,2026-09-29T00:15:00Z,Prop,Makai Lemon Under 2.5 receptions,PHI vs LA,PHI,,,,Under,receptions,00-0040867,2.5,-114,1.0,0.5964172847919404,0.1195903416269759,2,59.6,Slight edge,,
2026,4,2026-09-28T07:07:04.054835+00:00,2026-09-29T00:15:00Z,Prop,Rome Odunze Over 25.5 rec yds,CHI vs NYJ,CHI,,,,Over,receiving_yards,00-0039919,25.5,-113,1.0,0.5885901738057908,0.1094664338109154,1,58.9,Slight edge,,
2026,4,2026-09-28T07:07:04.054835+00:00,2026-09-29T00:15:00Z,Prop,DeVonta Smith Under 5.5 receptions,PHI vs LA,PHI,,,,Under,receptions,00-0036912,5.5,-108,1.0,0.5846061205501253,0.1259080840224635,1,58.5,Slight edge,,
2026,4,2026-09-28T07:07:04.054835+00:00,2026-09-29T00:15:00Z,Prop,Jalen Hurts Under 1.5 pass TDs,PHI vs LA,PHI,,,,Under,passing_tds,00-0036389,1.5,-178,1.0,0.5829997860161806,-0.0894722443118077,0,58.3,Slight edge,,
2026,3,2026-09-28T07:07:04.054835+00:00,2026-09-29T00:15:00Z,Moneyline,PHI ML,PHI @ CHI,PHI,CHI,PHI,,,,,,-198,1.5,0.6464901863205309,-0.0269996185680898,1,64.6,Favored,loss,-1.5
2026,3,2026-09-28T07:07:04.054835+00:00,2026-09-29T00:15:00Z,Prop,Dontayvion Wicks Under 3.5 receptions,PHI vs CHI,PHI,,,,Under,receptions,00-0038393,3.5,-180,1.5,0.6234168581687871,-0.0302404428485533,2,62.3,Favored,win,0.8333333333333334
2026,3,2026-09-28T07:07:04.054835+00:00,2026-09-29T00:15:00Z,Prop,Saquon Barkley Under 2.5 receptions,PHI vs CHI,PHI,,,,Under,receptions,00-0034844,2.5,-154,1.0,0.5867768595041323,-0.0321992057529246,4,58.7,Slight edge,win,0.6493506493506493
2026,3,2026-09-28T07:07:04.054835+00:00,2026-09-29T00:15:00Z,Prop,DeVonta Smith Under 5.5 receptions,PHI vs CHI,PHI,,,,Under,receptions,00-0036912,5.5,-108,1.0,0.5816785376302318,0.1202697761767427,1,58.2,Slight edge,loss,-1.0
2026,3,2026-09-28T07:07:04.054835+00:00,2026-09-29T00:15:00Z,Prop,Dontayvion Wicks Under 43.5 rec yds,PHI vs CHI,PHI,,,,Under,receiving_yards,00-0038393,43.5,-113,1.0,0.5796179594977159,0.0925542068408272,2,58.0,Slight edge,win,0.8849557522123894
2026,3,2026-09-28T07:07:04.054835+00:00,2026-09-29T00:15:00Z,Prop,Kalif Raymond Under 24.5 rec yds,CHI vs PHI,CHI,,,,Under,receiving_yards,00-0032464,24.5,-113,1.0,0.5784247960102089,0.0903051464617212,2,57.8,Slight edge,loss,-1.0
2026,3,2026-09-28T07:07:04.054835+00:00,2026-09-29T00:15:00Z,Prop,D'Andre Swift Over 1.5 receptions,CHI vs PHI,CHI,,,,Over,receptions,00-0036275,1.5,-148,1.0,0.5737372702878428,-0.0386024119501012,2,57.4,Slight edge,win,0.6756756756756757
2026,3,2026-09-28T07:07:04.054835+00:00,2026-09-29T00:15:00Z,Prop,Rome Odunze Over 25.5 rec yds,CHI vs PHI,CHI,,,,Over,receiving_yards,00-0039919,25.5,-113,1.0,0.5633979016316615,0.0619801154649902,1,56.3,Slight edge,win,0.8849557522123894
2026,3,2026-09-28T07:07:04.054835+00:00,2026-09-29T00:15:00Z,Prop,Jalen Hurts Under 1.5 pass TDs,PHI vs CHI,PHI,,,,Under,passing_tds,00-0036389,1.5,-178,1.0,0.5630501196780495,-0.12062958836799,0,56.3,Slight edge,win,0.5617977528089888
2026,3,2026-09-28T07:07:04.054835+00:00,2026-09-29T00:15:00Z,Prop,Luther Burden III Under 3.5 receptions,CHI vs PHI,CHI,,,,Under,receptions,00-0040735,3.5,-112,0.5,0.5487465509227227,0.0386988285322966,2,54.9,Coin flip,loss,-0.5
2026,4,2026-09-28T07:07:04.054835+00:00,2026-10-04T17:00:00Z,Moneyline,BAL ML,TEN @ BAL,BAL,BAL,TEN,,,,,,-770,3.0,0.8368540772189843,-0.0544635750902385,1,83.7,Very likely,,
2026,4,2026-09-28T07:07:04.054835+00:00,2026-10-04T20:05:00Z,Moneyline,MIN ML,MIA @ MIN,MIN,MIN,MIA,,,,,,-560,3.0,0.8131682030531326,-0.0416231892588079,1,81.3,Very likely,,
2026,4,2026-09-28T07:07:04.054835+00:00,2026-10-04T20:25:00Z,Moneyline,SEA ML,LAC @ SEA,SEA,SEA,LAC,,,,,,-335,2.0,0.7263529505874928,-0.0568252731177332,2,72.6,Likely,,
2026,4,2026-09-28T07:07:04.054835+00:00,2026-10-04T17:00:00Z,Moneyline,BUF ML,NE @ BUF,BUF,BUF,NE,,,,,,-330,2.0,0.725767869904829,-0.0543024725482531,0,72.6,Likely,,
2026,4,2026-09-28T07:07:04.054835+00:00,2026-10-04T20:25:00Z,Moneyline,KC ML,KC @ LV,KC,LV,KC,,,,,,-230,1.5,0.6583381442252656,-0.0554278800246189,1,65.8,Favored,,
2026,4,2026-09-28T07:07:04.054835+00:00,2026-10-04T17:00:00Z,Moneyline,GB ML,GB @ TB,GB,TB,GB,,,,,,-166,1.5,0.6033164754010701,-0.0332398647187671,1,60.3,Favored,,
2026,4,2026-09-28T07:07:04.054835+00:00,2026-10-04T13:30:00Z,Moneyline,IND ML,IND @ WAS,IND,WAS,IND,,,,,,-174,1.5,0.6032134305881665,-0.0501121840163356,0,60.3,Favored,,
2026,4,2026-09-28T07:07:04.054835+00:00,2026-10-05T00:20:00Z,Moneyline,DET ML,DET @ CAR,DET,CAR,DET,,,,,,-164,1.0,0.599061423080504,-0.0356572213826033,1,59.9,Slight edge,,
2026,4,2026-09-28T07:07:04.054835+00:00,2026-10-04T17:00:00Z,Moneyline,CHI ML,NYJ @ CHI,CHI,CHI,NYJ,,,,,,-164,1.0,0.5853393094242625,-0.0577464775121628,2,58.5,Slight edge,,
