season,week,logged,kickoff,game_id,game,player,player_id,team,opp,pos,stat,stat_label,side,word,line,pick,p,n_books,support,n_signals,top10,rank,game4,result,actual,market,home,away,fair_odds,gl,hp
2026,4,2026-10-01T12:41:28.483227+00:00,2026-10-06T00:15:00Z,8bd90781e17e6d97df3941063cedae1e,ATL @ NO,Kendre Miller,00-0038551,NO,ATL,RB,rushing_yards,Rush Yards,Under,Lower,25.5,Kendre Miller Lower 25.5 Rush Yards,0.5795,5,4,8,True,1.0,True,win,9.0,Prop,NO,ATL,,False,False
2026,4,2026-10-01T12:41:28.483227+00:00,2026-10-04T17:00:00Z,573cc0ef39631a4f6673ec843a8bedd4,NE @ BUF,James Cook,00-0037248,BUF,NE,RB,receiving_yards,Receiving Yards,Over,Higher,6.5,James Cook Higher 6.5 Receiving Yards,0.5718,6,4,6,True,2.0,True,win,8.0,Prop,BUF,NE,,False,False
2026,4,2026-10-01T12:41:28.483227+00:00,2026-10-02T00:15:00Z,d55cb69fed50a09170560b5b75d8de86,PIT @ CLE,Quinshon Judkins,00-0040784,CLE,PIT,RB,receiving_yards,Receiving Yards,Over,Higher,11.5,Quinshon Judkins Higher 11.5 Receiving Yards,0.5696,7,3,7,True,3.0,True,win,43.0,Prop,CLE,PIT,,False,False
2026,4,2026-10-01T12:41:28.483227+00:00,2026-10-02T00:15:00Z,d55cb69fed50a09170560b5b75d8de86,PIT @ CLE,Jaylen Warren,00-0037228,PIT,CLE,RB,receptions,Receptions,Under,Lower,3.5,Jaylen Warren Lower 3.5 Receptions,0.5679,6,2,7,True,4.0,True,win,3.0,Prop,CLE,PIT,,False,False
2026,4,2026-10-01T12:41:28.483227+00:00,2026-10-04T17:00:00Z,99a9bae4dc0dc2590496bd3102b211f2,GB @ TB,Matthew Golden,00-0040667,GB,TB,WR,receptions,Receptions,Under,Lower,4.5,Matthew Golden Lower 4.5 Receptions,0.5649,4,2,8,True,5.0,True,win,3.0,Prop,TB,GB,,False,False
2026,4,2026-10-01T12:41:28.483227+00:00,2026-10-04T13:30:00Z,c9d8ed8aa4889486eaf10a630138ede0,IND @ WAS,Jacory Croskey-Merritt,00-0040242,WAS,IND,RB,rushing_yards,Rush Yards,Under,Lower,57.5,Jacory Croskey-Merritt Lower 57.5 Rush Yards,0.5638,6,3,7,True,6.0,True,win,15.0,Prop,WAS,IND,,False,False
2026,4,2026-10-01T12:41:28.483227+00:00,2026-10-04T17:00:00Z,2ea94ddf20f66432b9024fe2e2eaba5f,JAX @ CIN,Bhayshul Tuten,00-0040719,JAX,CIN,RB,rushing_yards,Rush Yards,Under,Lower,55.5,Bhayshul Tuten Lower 55.5 Rush Yards,0.5623,6,2,7,True,7.0,True,loss,73.0,Prop,CIN,JAX,,False,False
2026,4,2026-10-01T12:41:28.483227+00:00,2026-10-04T20:25:00Z,e0cbd266dcf997089203a1b33ba0333d,KC @ LV,Michael Mayer,00-0039066,LV,KC,TE,receptions,Receptions,Over,Higher,2.5,Michael Mayer Higher 2.5 Receptions,0.5594,4,4,8,True,8.0,True,win,8.0,Prop,LV,KC,,False,False
2026,4,2026-10-01T12:41:28.483227+00:00,2026-10-04T20:25:00Z,e0cbd266dcf997089203a1b33ba0333d,KC @ LV,Ashton Jeanty,00-0040122,LV,KC,RB,receiving_yards,Receiving Yards,Over,Higher,19.5,Ashton Jeanty Higher 19.5 Receiving Yards,0.557,5,3,7,True,9.0,True,win,68.0,Prop,LV,KC,,False,False
2026,4,2026-10-01T12:41:28.483227+00:00,2026-10-04T17:00:00Z,164e6eb68f31bac190381903c3cccd31,NYJ @ CHI,Cole Kmet,00-0036290,CHI,NYJ,TE,receiving_yards,Receiving Yards,Over,Higher,9.5,Cole Kmet Higher 9.5 Receiving Yards,0.5537,5,3,9,True,10.0,True,win,13.0,Prop,CHI,NYJ,,False,False
2026,4,2026-10-01T12:41:28.483227+00:00,2026-10-02T00:15:00Z,d55cb69fed50a09170560b5b75d8de86,PIT @ CLE,Raheim Sanders,00-0040466,CLE,PIT,RB,rushing_yards,Rush Yards,Over,Higher,5.5,Raheim Sanders Higher 5.5 Rush Yards,0.5555,6,4,8,False,,True,win,9.0,Prop,CLE,PIT,,False,False
2026,4,2026-10-01T12:41:28.483227+00:00,2026-10-02T00:15:00Z,d55cb69fed50a09170560b5b75d8de86,PIT @ CLE,Jerry Jeudy,00-0036407,CLE,PIT,WR,receiving_yards,Receiving Yards,Over,Higher,13.5,Jerry Jeudy Higher 13.5 Receiving Yards,0.5512,7,2,8,False,,True,win,36.0,Prop,CLE,PIT,,False,False
2026,4,2026-10-01T12:41:28.483227+00:00,2026-10-04T13:30:00Z,c9d8ed8aa4889486eaf10a630138ede0,IND @ WAS,Marcus Mariota,00-0032268,WAS,IND,QB,rushing_yards,Rush Yards,Under,Lower,27.5,Marcus Mariota Lower 27.5 Rush Yards,0.5474,6,3,6,False,,True,loss,35.0,Prop,WAS,IND,,False,False
2026,4,2026-10-01T12:41:28.483227+00:00,2026-10-04T13:30:00Z,c9d8ed8aa4889486eaf10a630138ede0,IND @ WAS,Jonathan Taylor,00-0036223,IND,WAS,RB,rushing_yards,Rush Yards,Under,Lower,90.5,Jonathan Taylor Lower 90.5 Rush Yards,0.5468,7,1,7,False,,True,loss,95.0,Prop,WAS,IND,,False,False
2026,4,2026-10-01T12:41:28.483227+00:00,2026-10-04T13:30:00Z,c9d8ed8aa4889486eaf10a630138ede0,IND @ WAS,Terry McLaurin,00-0035659,WAS,IND,WR,receptions,Receptions,Under,Lower,4.5,Terry McLaurin Lower 4.5 Receptions,0.5457,6,2,7,False,,True,void,,Prop,WAS,IND,,False,False
2026,4,2026-10-01T12:41:28.483227+00:00,2026-10-04T17:00:00Z,664e6bda5721dc63be16bcf7d962a436,ARI @ NYG,Tyler Allgeier,00-0037263,ARI,NYG,RB,receiving_yards,Receiving Yards,Under,Lower,7.5,Tyler Allgeier Lower 7.5 Receiving Yards,0.5735,0,1,5,False,,True,win,7.0,Prop,NYG,ARI,,False,False
2026,4,2026-10-01T12:41:28.483227+00:00,2026-10-04T17:00:00Z,664e6bda5721dc63be16bcf7d962a436,ARI @ NYG,Malachi Fields,00-0041042,NYG,ARI,WR,receiving_yards,Receiving Yards,Under,Lower,23.5,Malachi Fields Lower 23.5 Receiving Yards,0.5456,4,5,9,False,,True,loss,52.0,Prop,NYG,ARI,,False,False
2026,4,2026-10-01T12:41:28.483227+00:00,2026-10-04T17:00:00Z,664e6bda5721dc63be16bcf7d962a436,ARI @ NYG,Jameis Winston,00-0031503,NYG,ARI,QB,rushing_yards,Rush Yards,Over,Higher,4.5,Jameis Winston Higher 4.5 Rush Yards,0.5441,3,2,7,False,,True,loss,0.0,Prop,NYG,ARI,,False,False
2026,4,2026-10-01T12:41:28.483227+00:00,2026-10-04T17:00:00Z,664e6bda5721dc63be16bcf7d962a436,ARI @ NYG,Jeremiyah Love,00-0041027,ARI,NYG,RB,receiving_yards,Receiving Yards,Over,Higher,14.5,Jeremiyah Love Higher 14.5 Receiving Yards,0.5407,4,3,6,False,,True,loss,-8.0,Prop,NYG,ARI,,False,False
2026,4,2026-10-01T12:41:28.483227+00:00,2026-10-04T17:00:00Z,daf55e2df5341c007fee5a0fc5bbc2d4,DAL @ HOU,Ryan Flournoy,00-0039410,DAL,HOU,WR,receiving_yards,Receiving Yards,Under,Lower,33.5,Ryan Flournoy Lower 33.5 Receiving Yards,0.5437,7,1,7,False,,True,loss,37.0,Prop,HOU,DAL,,False,False
2026,4,2026-10-01T12:41:28.483227+00:00,2026-10-04T17:00:00Z,daf55e2df5341c007fee5a0fc5bbc2d4,DAL @ HOU,Dak Prescott,00-0033077,DAL,HOU,QB,passing_yards,Pass Yards,Under,Lower,273.5,Dak Prescott Lower 273.5 Pass Yards,0.5434,7,2,6,False,,True,loss,335.0,Prop,HOU,DAL,,False,False
2026,4,2026-10-01T12:41:28.483227+00:00,2026-10-04T17:00:00Z,daf55e2df5341c007fee5a0fc5bbc2d4,DAL @ HOU,C.J. Stroud,00-0039163,HOU,DAL,QB,rushing_yards,Rush Yards,Under,Lower,11.5,C.J. Stroud Lower 11.5 Rush Yards,0.5432,7,2,6,False,,True,loss,12.0,Prop,HOU,DAL,,False,False
2026,4,2026-10-01T12:41:28.483227+00:00,2026-10-04T17:00:00Z,daf55e2df5341c007fee5a0fc5bbc2d4,DAL @ HOU,Woody Marks,00-0040583,HOU,DAL,RB,receiving_yards,Receiving Yards,Under,Lower,10.5,Woody Marks Lower 10.5 Receiving Yards,0.5376,6,4,6,False,,True,win,0.0,Prop,HOU,DAL,,False,False
2026,4,2026-10-01T12:41:28.483227+00:00,2026-10-04T17:00:00Z,99a9bae4dc0dc2590496bd3102b211f2,GB @ TB,MarShawn Lloyd,00-0039811,GB,TB,RB,receiving_yards,Receiving Yards,Over,Higher,5.5,MarShawn Lloyd Higher 5.5 Receiving Yards,0.5519,1,3,7,False,,True,win,36.0,Prop,TB,GB,,False,False
2026,4,2026-10-01T12:41:28.483227+00:00,2026-10-04T17:00:00Z,99a9bae4dc0dc2590496bd3102b211f2,GB @ TB,Jordan Love,00-0036264,GB,TB,QB,rushing_yards,Rush Yards,Under,Lower,4.5,Jordan Love Lower 4.5 Rush Yards,0.5467,5,1,6,False,,True,win,-8.0,Prop,TB,GB,,False,False
2026,4,2026-10-01T12:41:28.483227+00:00,2026-10-04T17:00:00Z,99a9bae4dc0dc2590496bd3102b211f2,GB @ TB,Jonnu Smith,00-0033858,GB,TB,TE,receiving_yards,Receiving Yards,Over,Higher,7.5,Jonnu Smith Higher 7.5 Receiving Yards,0.5412,2,3,8,False,,True,win,19.0,Prop,TB,GB,,False,False
2026,4,2026-10-01T12:41:28.483227+00:00,2026-10-04T17:00:00Z,2ea94ddf20f66432b9024fe2e2eaba5f,JAX @ CIN,Dohnte Meyers,00-0040785,CIN,JAX,WR,receiving_yards,Receiving Yards,Under,Lower,19.5,Dohnte Meyers Lower 19.5 Receiving Yards,0.5745,3,2,8,False,,True,loss,82.0,Prop,CIN,JAX,,False,False
2026,4,2026-10-01T12:41:28.483227+00:00,2026-10-04T17:00:00Z,2ea94ddf20f66432b9024fe2e2eaba5f,JAX @ CIN,Josh Cameron,00-0041100,JAX,CIN,WR,receiving_yards,Receiving Yards,Over,Higher,7.5,Josh Cameron Higher 7.5 Receiving Yards,0.5657,0,3,5,False,,True,win,42.0,Prop,CIN,JAX,,False,False
2026,4,2026-10-01T12:41:28.483227+00:00,2026-10-04T17:00:00Z,2ea94ddf20f66432b9024fe2e2eaba5f,JAX @ CIN,Drew Sample,00-0035631,CIN,JAX,TE,receiving_yards,Receiving Yards,Over,Higher,6.5,Drew Sample Higher 6.5 Receiving Yards,0.5583,2,3,8,False,,True,void,,Prop,CIN,JAX,,False,False
2026,4,2026-10-01T12:41:28.483227+00:00,2026-10-04T17:00:00Z,1b4f2e60ce83fa1d63a5dff83769d27c,LA @ PHI,Makai Lemon,00-0040867,PHI,LA,WR,receiving_yards,Receiving Yards,Under,Lower,26.5,Makai Lemon Lower 26.5 Receiving Yards,0.5497,5,1,7,False,,True,loss,27.0,Prop,PHI,LA,,False,False
2026,4,2026-10-01T12:41:28.483227+00:00,2026-10-04T17:00:00Z,1b4f2e60ce83fa1d63a5dff83769d27c,LA @ PHI,Kyren Williams,00-0037840,LA,PHI,RB,rushing_yards,Rush Yards,Over,Higher,55.5,Kyren Williams Higher 55.5 Rush Yards,0.5458,5,3,7,False,,True,win,80.0,Prop,PHI,LA,,False,False
2026,4,2026-10-01T12:41:28.483227+00:00,2026-10-04T17:00:00Z,1b4f2e60ce83fa1d63a5dff83769d27c,LA @ PHI,Matthew Stafford,00-0026498,LA,PHI,QB,passing_tds,Pass TDs,Over,Higher,1.5,Matthew Stafford Higher 1.5 Pass TDs,0.5433,5,2,6,False,,True,loss,0.0,Prop,PHI,LA,,False,False
2026,4,2026-10-01T12:41:28.483227+00:00,2026-10-04T17:00:00Z,1b4f2e60ce83fa1d63a5dff83769d27c,LA @ PHI,Saquon Barkley,00-0034844,PHI,LA,RB,receiving_yards,Receiving Yards,Over,Higher,11.5,Saquon Barkley Higher 11.5 Receiving Yards,0.5409,2,3,7,False,,True,loss,2.0,Prop,PHI,LA,,False,False
2026,4,2026-10-01T12:41:28.483227+00:00,2026-10-04T17:00:00Z,573cc0ef39631a4f6673ec843a8bedd4,NE @ BUF,Keon Coleman,00-0039901,BUF,NE,WR,receiving_yards,Receiving Yards,Over,Higher,12.5,Keon Coleman Higher 12.5 Receiving Yards,0.5669,6,3,7,False,,True,win,116.0,Prop,BUF,NE,,False,False
2026,4,2026-10-01T12:41:28.483227+00:00,2026-10-04T17:00:00Z,573cc0ef39631a4f6673ec843a8bedd4,NE @ BUF,DJ Moore,00-0034827,BUF,NE,WR,receiving_yards,Receiving Yards,Under,Lower,49.5,DJ Moore Lower 49.5 Receiving Yards,0.5626,6,4,7,False,,True,win,11.0,Prop,BUF,NE,,False,False
2026,4,2026-10-01T12:41:28.483227+00:00,2026-10-04T17:00:00Z,573cc0ef39631a4f6673ec843a8bedd4,NE @ BUF,Drake Maye,00-0039851,NE,BUF,QB,passing_yards,Pass Yards,Under,Lower,231.5,Drake Maye Lower 231.5 Pass Yards,0.5542,6,3,6,False,,True,loss,269.0,Prop,BUF,NE,,False,False
2026,4,2026-10-01T12:41:28.483227+00:00,2026-10-04T17:00:00Z,164e6eb68f31bac190381903c3cccd31,NYJ @ CHI,Isaiah Williams,00-0039451,NYJ,CHI,WR,receptions,Receptions,Over,Higher,2.5,Isaiah Williams Higher 2.5 Receptions,0.5565,2,4,8,False,,True,loss,2.0,Prop,CHI,NYJ,,False,False
2026,4,2026-10-01T12:41:28.483227+00:00,2026-10-04T17:00:00Z,164e6eb68f31bac190381903c3cccd31,NYJ @ CHI,Kenyon Sadiq,00-0041032,NYJ,CHI,TE,receiving_yards,Receiving Yards,Over,Higher,39.5,Kenyon Sadiq Higher 39.5 Receiving Yards,0.551,0,5,7,False,,True,loss,0.0,Prop,CHI,NYJ,,False,False
2026,4,2026-10-01T12:41:28.483227+00:00,2026-10-04T17:00:00Z,164e6eb68f31bac190381903c3cccd31,NYJ @ CHI,Garrett Wilson,00-0037740,NYJ,CHI,WR,receptions,Receptions,Over,Higher,6.5,Garrett Wilson Higher 6.5 Receptions,0.5414,5,4,8,False,,True,loss,3.0,Prop,CHI,NYJ,,False,False
2026,4,2026-10-01T12:41:28.483227+00:00,2026-10-04T17:00:00Z,f01589b0e7e6dd4f4ac1220a1db81f53,TEN @ BAL,Daniel Bellinger,00-0038115,TEN,BAL,TE,receiving_yards,Receiving Yards,Over,Higher,6.5,Daniel Bellinger Higher 6.5 Receiving Yards,0.6574,0,2,6,False,,True,loss,2.0,Prop,BAL,TEN,,False,True
2026,4,2026-10-01T12:41:28.483227+00:00,2026-10-04T17:00:00Z,f01589b0e7e6dd4f4ac1220a1db81f53,TEN @ BAL,Elic Ayomanor,00-0040170,TEN,BAL,WR,receiving_yards,Receiving Yards,Over,Higher,20.5,Elic Ayomanor Higher 20.5 Receiving Yards,0.5521,6,2,7,False,,True,win,22.0,Prop,BAL,TEN,,False,False
2026,4,2026-10-01T12:41:28.483227+00:00,2026-10-04T17:00:00Z,f01589b0e7e6dd4f4ac1220a1db81f53,TEN @ BAL,Wan'Dale Robinson,00-0038117,TEN,BAL,WR,receiving_yards,Receiving Yards,Over,Higher,38.5,Wan'Dale Robinson Higher 38.5 Receiving Yards,0.549,6,3,7,False,,True,loss,19.0,Prop,BAL,TEN,,False,False
2026,4,2026-10-01T12:41:28.483227+00:00,2026-10-04T17:00:00Z,f01589b0e7e6dd4f4ac1220a1db81f53,TEN @ BAL,Cam Ward,00-0040676,TEN,BAL,QB,passing_yards,Pass Yards,Under,Lower,188.5,Cam Ward Lower 188.5 Pass Yards,0.5484,6,4,6,False,,True,loss,222.0,Prop,BAL,TEN,,False,False
2026,4,2026-10-01T12:41:28.483227+00:00,2026-10-04T20:05:00Z,c327223d76a3b7b0db8c6c104442f44b,MIA @ MIN,Jaylen Wright,00-0039874,MIA,MIN,RB,receiving_yards,Receiving Yards,Over,Higher,4.5,Jaylen Wright Higher 4.5 Receiving Yards,0.6199,4,2,7,False,,True,loss,0.0,Prop,MIN,MIA,,False,False
2026,4,2026-10-01T12:41:28.483227+00:00,2026-10-04T20:05:00Z,c327223d76a3b7b0db8c6c104442f44b,MIA @ MIN,Aaron Jones,00-0033293,MIN,MIA,RB,receiving_yards,Receiving Yards,Under,Lower,18.5,Aaron Jones Lower 18.5 Receiving Yards,0.5513,1,1,7,False,,True,loss,34.0,Prop,MIN,MIA,,False,False
2026,4,2026-10-01T12:41:28.483227+00:00,2026-10-04T20:05:00Z,c327223d76a3b7b0db8c6c104442f44b,MIA @ MIN,Chris Bell,00-0041525,MIA,MIN,WR,receiving_yards,Receiving Yards,Under,Lower,32.5,Chris Bell Lower 32.5 Receiving Yards,0.5483,5,3,8,False,,True,win,0.0,Prop,MIN,MIA,,False,False
2026,4,2026-10-01T12:41:28.483227+00:00,2026-10-04T20:05:00Z,c327223d76a3b7b0db8c6c104442f44b,MIA @ MIN,Malik Willis,00-0038128,MIA,MIN,QB,rushing_yards,Rush Yards,Under,Lower,28.5,Malik Willis Lower 28.5 Rush Yards,0.5418,5,3,6,False,,True,win,11.0,Prop,MIN,MIA,,False,False
2026,4,2026-10-01T12:41:28.483227+00:00,2026-10-04T20:25:00Z,a7e7efb75a9792ac63480ae6328dca18,DEN @ SF,J.K. Dobbins,00-0036158,DEN,SF,RB,receiving_yards,Receiving Yards,Over,Higher,4.5,J.K. Dobbins Higher 4.5 Receiving Yards,0.6299,0,4,6,False,,True,win,12.0,Prop,SF,DEN,,False,True
2026,4,2026-10-01T12:41:28.483227+00:00,2026-10-04T20:25:00Z,a7e7efb75a9792ac63480ae6328dca18,DEN @ SF,RJ Harvey,00-0040730,DEN,SF,RB,rushing_yards,Rush Yards,Over,Higher,15.5,RJ Harvey Higher 15.5 Rush Yards,0.549,1,2,8,False,,True,win,25.0,Prop,SF,DEN,,False,False
2026,4,2026-10-01T12:41:28.483227+00:00,2026-10-04T20:25:00Z,a7e7efb75a9792ac63480ae6328dca18,DEN @ SF,Pat Bryant,00-0040134,DEN,SF,WR,receiving_yards,Receiving Yards,Over,Higher,22.5,Pat Bryant Higher 22.5 Receiving Yards,0.5426,5,3,8,False,,True,win,47.0,Prop,SF,DEN,,False,False
2026,4,2026-10-01T12:41:28.483227+00:00,2026-10-04T20:25:00Z,a7e7efb75a9792ac63480ae6328dca18,DEN @ SF,Bo Nix,00-0039732,DEN,SF,QB,rushing_yards,Rush Yards,Under,Lower,17.5,Bo Nix Lower 17.5 Rush Yards,0.5372,5,3,6,False,,True,win,10.0,Prop,SF,DEN,,False,False
2026,4,2026-10-01T12:41:28.483227+00:00,2026-10-04T20:25:00Z,e0cbd266dcf997089203a1b33ba0333d,KC @ LV,Noah Gray,00-0036637,KC,LV,TE,receiving_yards,Receiving Yards,Over,Higher,8.5,Noah Gray Higher 8.5 Receiving Yards,0.5362,3,4,7,False,,True,win,17.0,Prop,LV,KC,,False,False
2026,4,2026-10-01T12:41:28.483227+00:00,2026-10-04T20:25:00Z,e0cbd266dcf997089203a1b33ba0333d,KC @ LV,Kirk Cousins,00-0029604,LV,KC,QB,passing_yards,Pass Yards,Over,Higher,225.5,Kirk Cousins Higher 225.5 Pass Yards,0.5304,6,2,6,False,,True,win,365.0,Prop,LV,KC,,False,False
2026,4,2026-10-01T12:41:28.483227+00:00,2026-10-04T20:25:00Z,96d2373cda647873b971f268482bced0,LAC @ SEA,Emanuel Wilson,00-0038797,SEA,LAC,RB,receiving_yards,Receiving Yards,Under,Lower,3.5,Emanuel Wilson Lower 3.5 Receiving Yards,0.6775,0,3,5,False,,True,loss,39.0,Prop,SEA,LAC,,False,True
2026,4,2026-10-01T12:41:28.483227+00:00,2026-10-04T20:25:00Z,96d2373cda647873b971f268482bced0,LAC @ SEA,Omarion Hampton,00-0040666,LAC,SEA,RB,receiving_yards,Receiving Yards,Over,Higher,6.5,Omarion Hampton Higher 6.5 Receiving Yards,0.6091,0,2,6,False,,True,win,8.0,Prop,SEA,LAC,,False,False
2026,4,2026-10-01T12:41:28.483227+00:00,2026-10-04T20:25:00Z,96d2373cda647873b971f268482bced0,LAC @ SEA,Jadarian Price,00-0041512,SEA,LAC,RB,receptions,Receptions,Under,Lower,1.5,Jadarian Price Lower 1.5 Receptions,0.5473,2,4,6,False,,True,void,,Prop,SEA,LAC,,False,False
2026,4,2026-10-01T12:41:28.483227+00:00,2026-10-04T20:25:00Z,96d2373cda647873b971f268482bced0,LAC @ SEA,Justin Herbert,00-0036355,LAC,SEA,QB,rushing_yards,Rush Yards,Under,Lower,21.5,Justin Herbert Lower 21.5 Rush Yards,0.5448,2,3,6,False,,True,loss,40.0,Prop,SEA,LAC,,False,False
2026,4,2026-10-01T12:41:28.483227+00:00,2026-10-05T00:20:00Z,a73a76599a4f3422803e57bd8f61b626,DET @ CAR,Chuba Hubbard,00-0036555,CAR,DET,RB,rushing_yards,Rush Yards,Under,Lower,66.5,Chuba Hubbard Lower 66.5 Rush Yards,0.5512,6,2,7,False,,True,loss,122.0,Prop,CAR,DET,,False,False
2026,4,2026-10-01T12:41:28.483227+00:00,2026-10-05T00:20:00Z,a73a76599a4f3422803e57bd8f61b626,DET @ CAR,Bryce Young,00-0039150,CAR,DET,QB,rushing_yards,Rush Yards,Under,Lower,12.5,Bryce Young Lower 12.5 Rush Yards,0.5468,6,3,6,False,,True,win,3.0,Prop,CAR,DET,,False,False
2026,4,2026-10-01T12:41:28.483227+00:00,2026-10-05T00:20:00Z,a73a76599a4f3422803e57bd8f61b626,DET @ CAR,Sam LaPorta,00-0039065,DET,CAR,TE,receptions,Receptions,Under,Lower,4.5,Sam LaPorta Lower 4.5 Receptions,0.5379,5,3,7,False,,True,loss,8.0,Prop,CAR,DET,,False,False
2026,4,2026-10-01T12:41:28.483227+00:00,2026-10-05T00:20:00Z,a73a76599a4f3422803e57bd8f61b626,DET @ CAR,Tetairoa McMillan,00-0040124,CAR,DET,WR,receiving_yards,Receiving Yards,Under,Lower,70.5,Tetairoa McMillan Lower 70.5 Receiving Yards,0.5355,6,3,8,False,,True,loss,192.0,Prop,CAR,DET,,False,False
2026,4,2026-10-01T12:41:28.483227+00:00,2026-10-06T00:15:00Z,8bd90781e17e6d97df3941063cedae1e,ATL @ NO,Brian Robinson,00-0037746,ATL,NO,RB,rushing_yards,Rush Yards,Under,Lower,31.5,Brian Robinson Lower 31.5 Rush Yards,0.5471,5,1,7,False,,True,loss,62.0,Prop,NO,ATL,,False,False
2026,4,2026-10-01T12:41:28.483227+00:00,2026-10-06T00:15:00Z,8bd90781e17e6d97df3941063cedae1e,ATL @ NO,Michael Penix Jr.,00-0039917,ATL,NO,QB,rushing_yards,Rush Yards,Under,Lower,5.5,Michael Penix Jr. Lower 5.5 Rush Yards,0.5469,4,3,6,False,,True,win,-2.0,Prop,NO,ATL,,False,False
2026,4,2026-10-01T12:41:28.483227+00:00,2026-10-06T00:15:00Z,8bd90781e17e6d97df3941063cedae1e,ATL @ NO,Alvin Kamara,00-0033906,NO,ATL,RB,receiving_yards,Receiving Yards,Under,Lower,16.5,Alvin Kamara Lower 16.5 Receiving Yards,0.5462,5,3,7,False,,True,loss,35.0,Prop,NO,ATL,,False,False
2026,4,2026-10-01T12:41:28.483227+00:00,2026-10-02T00:15:00Z,d55cb69fed50a09170560b5b75d8de86,PIT @ CLE,,,CLE,,,Spread,Spread,cover,,3.0,CLE +3,0.5124,8,1,4,False,,False,win,PIT 24-27 CLE,Spread,CLE,PIT,-105.0,True,False
2026,4,2026-10-01T12:41:28.483227+00:00,2026-10-02T00:15:00Z,d55cb69fed50a09170560b5b75d8de86,PIT @ CLE,,,,,,Total,Total,Over,,38.5,Over 38.5,0.5238,8,2,4,False,,False,win,PIT 24-27 CLE,Total,CLE,PIT,-110.0,True,False
2026,4,2026-10-01T12:41:28.483227+00:00,2026-10-02T00:15:00Z,d55cb69fed50a09170560b5b75d8de86,PIT @ CLE,,,PIT,,,Moneyline,Moneyline,win,,,PIT to win,0.5755,8,2,2,False,,False,loss,PIT 24-27 CLE,Moneyline,CLE,PIT,-136.0,True,False
2026,4,2026-10-01T12:41:28.483227+00:00,2026-10-04T13:30:00Z,c9d8ed8aa4889486eaf10a630138ede0,IND @ WAS,,,IND,,,Spread,Spread,cover,,-3.5,IND -3.5,0.5176,8,1,4,False,,False,win,IND 30-13 WAS,Spread,WAS,IND,-107.0,True,False
2026,4,2026-10-01T12:41:28.483227+00:00,2026-10-04T13:30:00Z,c9d8ed8aa4889486eaf10a630138ede0,IND @ WAS,,,,,,Total,Total,Over,,47.5,Over 47.5,0.5279,8,2,4,False,,False,loss,IND 30-13 WAS,Total,WAS,IND,-112.0,True,False
2026,4,2026-10-01T12:41:28.483227+00:00,2026-10-04T13:30:00Z,c9d8ed8aa4889486eaf10a630138ede0,IND @ WAS,,,IND,,,Moneyline,Moneyline,win,,,IND to win,0.6384,8,1,2,False,,False,win,IND 30-13 WAS,Moneyline,WAS,IND,-177.0,True,True
2026,4,2026-10-01T12:41:28.483227+00:00,2026-10-04T17:00:00Z,664e6bda5721dc63be16bcf7d962a436,ARI @ NYG,,,NYG,,,Spread,Spread,cover,,2.5,NYG +2.5,0.5022,8,2,4,False,,False,win,ARI 24-36 NYG,Spread,NYG,ARI,-101.0,True,False
2026,4,2026-10-01T12:41:28.483227+00:00,2026-10-04T17:00:00Z,664e6bda5721dc63be16bcf7d962a436,ARI @ NYG,,,,,,Total,Total,Over,,44.5,Over 44.5,0.5207,8,2,4,False,,False,win,ARI 24-36 NYG,Total,NYG,ARI,-109.0,True,False
2026,4,2026-10-01T12:41:28.483227+00:00,2026-10-04T17:00:00Z,664e6bda5721dc63be16bcf7d962a436,ARI @ NYG,,,ARI,,,Moneyline,Moneyline,win,,,ARI to win,0.5587,8,1,2,False,,False,loss,ARI 24-36 NYG,Moneyline,NYG,ARI,-127.0,True,False
2026,4,2026-10-01T12:41:28.483227+00:00,2026-10-04T17:00:00Z,f01589b0e7e6dd4f4ac1220a1db81f53,TEN @ BAL,,,BAL,,,Spread,Spread,cover,,-11.5,BAL -11.5,0.5324,8,2,4,False,,False,loss,TEN 18-24 BAL,Spread,BAL,TEN,-114.0,True,False
2026,4,2026-10-01T12:41:28.483227+00:00,2026-10-04T17:00:00Z,f01589b0e7e6dd4f4ac1220a1db81f53,TEN @ BAL,,,,,,Total,Total,Over,,42.5,Over 42.5,0.529,8,2,4,False,,False,loss,TEN 18-24 BAL,Total,BAL,TEN,-112.0,True,False
2026,4,2026-10-01T12:41:28.483227+00:00,2026-10-04T17:00:00Z,f01589b0e7e6dd4f4ac1220a1db81f53,TEN @ BAL,,,BAL,,,Moneyline,Moneyline,win,,,BAL to win,0.8413,8,2,2,False,,False,win,TEN 18-24 BAL,Moneyline,BAL,TEN,-530.0,True,True
2026,4,2026-10-01T12:41:28.483227+00:00,2026-10-04T17:00:00Z,573cc0ef39631a4f6673ec843a8bedd4,NE @ BUF,,,BUF,,,Spread,Spread,cover,,-7.0,BUF -7,0.5039,8,1,4,False,,False,loss,NE 29-26 BUF,Spread,BUF,NE,-102.0,True,False
2026,4,2026-10-01T12:41:28.483227+00:00,2026-10-04T17:00:00Z,573cc0ef39631a4f6673ec843a8bedd4,NE @ BUF,,,,,,Total,Total,Over,,48.5,Over 48.5,0.5138,8,1,4,False,,False,win,NE 29-26 BUF,Total,BUF,NE,-106.0,True,False
2026,4,2026-10-01T12:41:28.483227+00:00,2026-10-04T17:00:00Z,573cc0ef39631a4f6673ec843a8bedd4,NE @ BUF,,,BUF,,,Moneyline,Moneyline,win,,,BUF to win,0.728,8,2,2,False,,False,loss,NE 29-26 BUF,Moneyline,BUF,NE,-268.0,True,True
2026,4,2026-10-01T12:41:28.483227+00:00,2026-10-04T17:00:00Z,164e6eb68f31bac190381903c3cccd31,NYJ @ CHI,,,CHI,,,Spread,Spread,cover,,-3.5,CHI -3.5,0.5288,8,2,4,False,,False,win,NYJ 12-23 CHI,Spread,CHI,NYJ,-112.0,True,False
2026,4,2026-10-01T12:41:28.483227+00:00,2026-10-04T17:00:00Z,164e6eb68f31bac190381903c3cccd31,NYJ @ CHI,,,,,,Total,Total,Over,,43.0,Over 43,0.5263,8,2,4,False,,False,loss,NYJ 12-23 CHI,Total,CHI,NYJ,-111.0,True,False
2026,4,2026-10-01T12:41:28.483227+00:00,2026-10-04T17:00:00Z,164e6eb68f31bac190381903c3cccd31,NYJ @ CHI,,,CHI,,,Moneyline,Moneyline,win,,,CHI to win,0.6175,8,2,2,False,,False,win,NYJ 12-23 CHI,Moneyline,CHI,NYJ,-161.0,True,False
2026,4,2026-10-01T12:41:28.483227+00:00,2026-10-04T17:00:00Z,2ea94ddf20f66432b9024fe2e2eaba5f,JAX @ CIN,,,CIN,,,Spread,Spread,cover,,-2.5,CIN -2.5,0.5138,8,1,4,False,,False,loss,JAX 22-17 CIN,Spread,CIN,JAX,-106.0,True,False
2026,4,2026-10-01T12:41:28.483227+00:00,2026-10-04T17:00:00Z,2ea94ddf20f66432b9024fe2e2eaba5f,JAX @ CIN,,,,,,Total,Total,Under,,51.5,Under 51.5,0.5076,8,2,4,False,,False,win,JAX 22-17 CIN,Total,CIN,JAX,-103.0,True,False
2026,4,2026-10-01T12:41:28.483227+00:00,2026-10-04T17:00:00Z,2ea94ddf20f66432b9024fe2e2eaba5f,JAX @ CIN,,,CIN,,,Moneyline,Moneyline,win,,,CIN to win,0.5704,8,1,2,False,,False,loss,JAX 22-17 CIN,Moneyline,CIN,JAX,-133.0,True,False
2026,4,2026-10-01T12:41:28.483227+00:00,2026-10-04T17:00:00Z,daf55e2df5341c007fee5a0fc5bbc2d4,DAL @ HOU,,,HOU,,,Spread,Spread,cover,,-3.0,HOU -3,0.5128,8,2,4,False,,False,loss,DAL 34-30 HOU,Spread,HOU,DAL,-105.0,True,False
2026,4,2026-10-01T12:41:28.483227+00:00,2026-10-04T17:00:00Z,daf55e2df5341c007fee5a0fc5bbc2d4,DAL @ HOU,,,,,,Total,Total,Over,,48.0,Over 48,0.5194,8,1,4,False,,False,win,DAL 34-30 HOU,Total,HOU,DAL,-108.0,True,False
2026,4,2026-10-01T12:41:28.483227+00:00,2026-10-04T17:00:00Z,daf55e2df5341c007fee5a0fc5bbc2d4,DAL @ HOU,,,HOU,,,Moneyline,Moneyline,win,,,HOU to win,0.5933,8,2,2,False,,False,loss,DAL 34-30 HOU,Moneyline,HOU,DAL,-146.0,True,False
2026,4,2026-10-01T12:41:28.483227+00:00,2026-10-04T17:00:00Z,99a9bae4dc0dc2590496bd3102b211f2,GB @ TB,,,TB,,,Spread,Spread,cover,,3.5,TB +3.5,0.5081,8,2,4,False,,False,win,GB 17-14 TB,Spread,TB,GB,-103.0,True,False
2026,4,2026-10-01T12:41:28.483227+00:00,2026-10-04T17:00:00Z,99a9bae4dc0dc2590496bd3102b211f2,GB @ TB,,,,,,Total,Total,Over,,38.5,Over 38.5,0.5485,8,2,4,False,,False,loss,GB 17-14 TB,Total,TB,GB,-122.0,True,False
2026,4,2026-10-01T12:41:28.483227+00:00,2026-10-04T17:00:00Z,99a9bae4dc0dc2590496bd3102b211f2,GB @ TB,,,GB,,,Moneyline,Moneyline,win,,,GB to win,0.6248,8,1,2,False,,False,win,GB 17-14 TB,Moneyline,TB,GB,-167.0,True,True
2026,4,2026-10-01T12:41:28.483227+00:00,2026-10-04T17:00:00Z,1b4f2e60ce83fa1d63a5dff83769d27c,LA @ PHI,,,LA,,,Spread,Spread,cover,,-3.0,LA -3,0.5151,8,1,4,False,,False,win,LA 24-20 PHI,Spread,PHI,LA,-106.0,True,False
2026,4,2026-10-01T12:41:28.483227+00:00,2026-10-04T17:00:00Z,1b4f2e60ce83fa1d63a5dff83769d27c,LA @ PHI,,,,,,Total,Total,Over,,43.5,Over 43.5,0.5302,8,2,4,False,,False,win,LA 24-20 PHI,Total,PHI,LA,-113.0,True,False
2026,4,2026-10-01T12:41:28.483227+00:00,2026-10-04T17:00:00Z,1b4f2e60ce83fa1d63a5dff83769d27c,LA @ PHI,,,LA,,,Moneyline,Moneyline,win,,,LA to win,0.6052,8,2,2,False,,False,win,LA 24-20 PHI,Moneyline,PHI,LA,-153.0,True,False
2026,4,2026-10-01T12:41:28.483227+00:00,2026-10-04T20:05:00Z,c327223d76a3b7b0db8c6c104442f44b,MIA @ MIN,,,MIN,,,Spread,Spread,cover,,-10.5,MIN -10.5,0.5191,8,1,4,False,,False,loss,MIA 10-15 MIN,Spread,MIN,MIA,-108.0,True,False
2026,4,2026-10-01T12:41:28.483227+00:00,2026-10-04T20:05:00Z,c327223d76a3b7b0db8c6c104442f44b,MIA @ MIN,,,,,,Total,Total,Over,,38.5,Over 38.5,0.5417,8,2,4,False,,False,loss,MIA 10-15 MIN,Total,MIN,MIA,-118.0,True,False
2026,4,2026-10-01T12:41:28.483227+00:00,2026-10-04T20:05:00Z,c327223d76a3b7b0db8c6c104442f44b,MIA @ MIN,,,MIN,,,Moneyline,Moneyline,win,,,MIN to win,0.8253,8,2,2,False,,False,win,MIA 10-15 MIN,Moneyline,MIN,MIA,-472.0,True,True
2026,4,2026-10-01T12:41:28.483227+00:00,2026-10-04T20:25:00Z,a7e7efb75a9792ac63480ae6328dca18,DEN @ SF,,,SF,,,Spread,Spread,cover,,-2.5,SF -2.5,0.5192,8,1,4,False,,False,win,DEN 14-24 SF,Spread,SF,DEN,-108.0,True,False
2026,4,2026-10-01T12:41:28.483227+00:00,2026-10-04T20:25:00Z,a7e7efb75a9792ac63480ae6328dca18,DEN @ SF,,,,,,Total,Total,Over,,48.5,Over 48.5,0.5041,8,1,4,False,,False,loss,DEN 14-24 SF,Total,SF,DEN,-102.0,True,False
2026,4,2026-10-01T12:41:28.483227+00:00,2026-10-04T20:25:00Z,a7e7efb75a9792ac63480ae6328dca18,DEN @ SF,,,SF,,,Moneyline,Moneyline,win,,,SF to win,0.5676,8,2,2,False,,False,win,DEN 14-24 SF,Moneyline,SF,DEN,-131.0,True,False
2026,4,2026-10-01T12:41:28.483227+00:00,2026-10-04T20:25:00Z,e0cbd266dcf997089203a1b33ba0333d,KC @ LV,,,KC,,,Spread,Spread,cover,,-4.5,KC -4.5,0.5068,7,1,4,False,,False,loss,KC 30-27 LV,Spread,LV,KC,-103.0,True,False
2026,4,2026-10-01T12:41:28.483227+00:00,2026-10-04T20:25:00Z,e0cbd266dcf997089203a1b33ba0333d,KC @ LV,,,,,,Total,Total,Under,,47.5,Under 47.5,0.5007,7,2,4,False,,False,loss,KC 30-27 LV,Total,LV,KC,-100.0,True,False
2026,4,2026-10-01T12:41:28.483227+00:00,2026-10-04T20:25:00Z,e0cbd266dcf997089203a1b33ba0333d,KC @ LV,,,KC,,,Moneyline,Moneyline,win,,,KC to win,0.6542,7,2,2,False,,False,win,KC 30-27 LV,Moneyline,LV,KC,-189.0,True,True
2026,4,2026-10-01T12:41:28.483227+00:00,2026-10-04T20:25:00Z,96d2373cda647873b971f268482bced0,LAC @ SEA,,,SEA,,,Spread,Spread,cover,,-7.0,SEA -7,0.5357,8,2,4,False,,False,push,LAC 23-30 SEA,Spread,SEA,LAC,-115.0,True,False
2026,4,2026-10-01T12:41:28.483227+00:00,2026-10-04T20:25:00Z,96d2373cda647873b971f268482bced0,LAC @ SEA,,,,,,Total,Total,Over,,42.5,Over 42.5,0.5129,8,1,4,False,,False,win,LAC 23-30 SEA,Total,SEA,LAC,-105.0,True,False
2026,4,2026-10-01T12:41:28.483227+00:00,2026-10-04T20:25:00Z,96d2373cda647873b971f268482bced0,LAC @ SEA,,,SEA,,,Moneyline,Moneyline,win,,,SEA to win,0.7465,8,2,2,False,,False,win,LAC 23-30 SEA,Moneyline,SEA,LAC,-294.0,True,True
2026,4,2026-10-01T12:41:28.483227+00:00,2026-10-05T00:20:00Z,a73a76599a4f3422803e57bd8f61b626,DET @ CAR,,,DET,,,Spread,Spread,cover,,-3.5,DET -3.5,0.5167,8,1,4,False,,False,loss,DET 26-32 CAR,Spread,CAR,DET,-107.0,True,False
2026,4,2026-10-01T12:41:28.483227+00:00,2026-10-05T00:20:00Z,a73a76599a4f3422803e57bd8f61b626,DET @ CAR,,,,,,Total,Total,Under,,51.5,Under 51.5,0.507,8,2,4,False,,False,loss,DET 26-32 CAR,Total,CAR,DET,-103.0,True,False
2026,4,2026-10-01T12:41:28.483227+00:00,2026-10-05T00:20:00Z,a73a76599a4f3422803e57bd8f61b626,DET @ CAR,,,DET,,,Moneyline,Moneyline,win,,,DET to win,0.6343,8,2,2,False,,False,loss,DET 26-32 CAR,Moneyline,CAR,DET,-173.0,True,True
2026,4,2026-10-01T12:41:28.483227+00:00,2026-10-06T00:15:00Z,8bd90781e17e6d97df3941063cedae1e,ATL @ NO,,,NO,,,Spread,Spread,cover,,-2.5,NO -2.5,0.5151,8,1,4,False,,False,loss,ATL 45-24 NO,Spread,NO,ATL,-106.0,True,False
2026,4,2026-10-01T12:41:28.483227+00:00,2026-10-06T00:15:00Z,8bd90781e17e6d97df3941063cedae1e,ATL @ NO,,,,,,Total,Total,Over,,47.5,Over 47.5,0.5051,8,1,4,False,,False,win,ATL 45-24 NO,Total,NO,ATL,-102.0,True,False
2026,4,2026-10-01T12:41:28.483227+00:00,2026-10-06T00:15:00Z,8bd90781e17e6d97df3941063cedae1e,ATL @ NO,,,NO,,,Moneyline,Moneyline,win,,,NO to win,0.5669,8,2,2,False,,False,loss,ATL 45-24 NO,Moneyline,NO,ATL,-131.0,True,False
2026,5,2026-10-08T19:02:02.404095+00:00,2026-10-11T20:05:00Z,d1d408fdfd272046fb517fe992a1c5a0,DEN @ LAC,Justin Herbert,00-0036355,LAC,DEN,QB,rushing_yards,Rush Yards,Under,Lower,26.5,Justin Herbert Lower 26.5 Rush Yards,0.5991,7,3,6,True,1.0,True,,,Prop,LAC,DEN,,False,False
2026,5,2026-10-08T19:02:02.404095+00:00,2026-10-13T00:15:00Z,e6d00eedd87d367e510314bd8cab8f6f,BUF @ LA,Matthew Stafford,00-0026498,LA,BUF,QB,rushing_yards,Rush Yards,Under,Lower,1.5,Matthew Stafford Lower 1.5 Rush Yards,0.5981,4,2,6,True,2.0,True,,,Prop,LA,BUF,,False,False
2026,5,2026-10-08T19:02:02.404095+00:00,2026-10-11T13:30:00Z,21b26266f3d78af02eb672e606275d95,PHI @ JAX,Trevor Lawrence,00-0036971,JAX,PHI,QB,rushing_yards,Rush Yards,Under,Lower,15.5,Trevor Lawrence Lower 15.5 Rush Yards,0.5899,6,3,6,True,3.0,True,,,Prop,JAX,PHI,,False,False
2026,5,2026-10-08T19:02:02.404095+00:00,2026-10-11T17:00:00Z,6b024bad1abb54f597225e4ab9b39d89,LV @ NE,Mike Washington Jr.,00-0040878,LV,NE,RB,rushing_yards,Rush Yards,Under,Lower,23.5,Mike Washington Jr. Lower 23.5 Rush Yards,0.5654,6,3,6,True,4.0,True,,,Prop,NE,LV,,False,False
2026,5,2026-10-08T19:02:02.404095+00:00,2026-10-09T00:15:00Z,259b5df9aa0d10257f56de78523495e0,TB @ DAL,Dak Prescott,00-0033077,DAL,TB,QB,passing_yards,Pass Yards,Over,Higher,259.5,Dak Prescott Higher 259.5 Pass Yards,0.56,7,4,6,True,5.0,True,,,Prop,DAL,TB,,False,False
2026,5,2026-10-08T19:02:02.404095+00:00,2026-10-11T17:00:00Z,c4647ca1201e6768501877267ca8251b,CIN @ MIA,Jaylen Wright,00-0039874,MIA,CIN,RB,rushing_yards,Rush Yards,Over,Higher,21.5,Jaylen Wright Higher 21.5 Rush Yards,0.5574,6,5,8,True,6.0,True,,,Prop,MIA,CIN,,False,False
2026,5,2026-10-08T19:02:02.404095+00:00,2026-10-11T20:25:00Z,8e5d515b10d8a5ffb324640ed60bcc55,SF @ SEA,Brock Purdy,00-0037834,SF,SEA,QB,passing_tds,Pass TDs,Under,Lower,1.5,Brock Purdy Lower 1.5 Pass TDs,0.5572,7,3,6,True,7.0,True,,,Prop,SEA,SF,,False,False
2026,5,2026-10-08T19:02:02.404095+00:00,2026-10-11T17:00:00Z,448d7cf18c6db4c811ed82ded1b72867,IND @ PIT,Tyler Warren,00-0040128,IND,PIT,TE,receiving_yards,Receiving Yards,Under,Lower,50.5,Tyler Warren Lower 50.5 Receiving Yards,0.5551,7,3,8,True,8.0,True,,,Prop,PIT,IND,,False,False
2026,5,2026-10-08T19:02:02.404095+00:00,2026-10-11T17:00:00Z,cc52bba56e74f5cddbe9011046181c3d,HOU @ TEN,Calvin Ridley,00-0034837,TEN,HOU,WR,receiving_yards,Receiving Yards,Over,Higher,8.5,Calvin Ridley Higher 8.5 Receiving Yards,0.552,6,3,7,True,9.0,True,,,Prop,TEN,HOU,,False,False
2026,5,2026-10-08T19:02:02.404095+00:00,2026-10-11T13:30:00Z,21b26266f3d78af02eb672e606275d95,PHI @ JAX,Brenton Strange,00-0038935,JAX,PHI,TE,receiving_yards,Receiving Yards,Over,Higher,33.5,Brenton Strange Higher 33.5 Receiving Yards,0.5496,6,4,7,True,10.0,True,,,Prop,JAX,PHI,,False,False
2026,5,2026-10-08T19:02:02.404095+00:00,2026-10-09T00:15:00Z,259b5df9aa0d10257f56de78523495e0,TB @ DAL,Bucky Irving,00-0039361,TB,DAL,RB,rushing_yards,Rush Yards,Over,Higher,49.5,Bucky Irving Higher 49.5 Rush Yards,0.5419,7,2,8,False,,True,,,Prop,DAL,TB,,False,False
2026,5,2026-10-08T19:02:02.404095+00:00,2026-10-09T00:15:00Z,259b5df9aa0d10257f56de78523495e0,TB @ DAL,George Pickens,00-0037247,DAL,TB,WR,receptions,Receptions,Over,Higher,4.5,George Pickens Higher 4.5 Receptions,0.512,6,2,7,False,,True,,,Prop,DAL,TB,,False,False
2026,5,2026-10-08T19:02:02.404095+00:00,2026-10-09T00:15:00Z,259b5df9aa0d10257f56de78523495e0,TB @ DAL,Javonte Williams,00-0036997,DAL,TB,RB,receptions,Receptions,Over,Higher,2.5,Javonte Williams Higher 2.5 Receptions,0.5064,6,4,6,False,,True,,,Prop,DAL,TB,,False,False
2026,5,2026-10-08T19:02:02.404095+00:00,2026-10-11T13:30:00Z,21b26266f3d78af02eb672e606275d95,PHI @ JAX,Josh Cameron,00-0041100,JAX,PHI,WR,receiving_yards,Receiving Yards,Over,Higher,10.5,Josh Cameron Higher 10.5 Receiving Yards,0.5521,6,2,6,False,,True,,,Prop,JAX,PHI,,False,False
2026,5,2026-10-08T19:02:02.404095+00:00,2026-10-11T13:30:00Z,21b26266f3d78af02eb672e606275d95,PHI @ JAX,Jalen Hurts,00-0036389,PHI,JAX,QB,rushing_yards,Rush Yards,Under,Lower,26.5,Jalen Hurts Lower 26.5 Rush Yards,0.5505,6,3,6,False,,True,,,Prop,JAX,PHI,,False,False
2026,5,2026-10-08T19:02:02.404095+00:00,2026-10-11T17:00:00Z,2caea57b1e5cfbba1334cfbfd46f6771,CHI @ GB,D'Andre Swift,00-0036275,CHI,GB,RB,receiving_yards,Receiving Yards,Under,Lower,14.5,D'Andre Swift Lower 14.5 Receiving Yards,0.5916,7,7,8,False,,True,,,Prop,GB,CHI,,False,False
2026,5,2026-10-08T19:02:02.404095+00:00,2026-10-11T17:00:00Z,2caea57b1e5cfbba1334cfbfd46f6771,CHI @ GB,Matthew Golden,00-0040667,GB,CHI,WR,receptions,Receptions,Under,Lower,4.5,Matthew Golden Lower 4.5 Receptions,0.5583,6,1,8,False,,True,,,Prop,GB,CHI,,False,False
2026,5,2026-10-08T19:02:02.404095+00:00,2026-10-11T17:00:00Z,2caea57b1e5cfbba1334cfbfd46f6771,CHI @ GB,Cole Kmet,00-0036290,CHI,GB,TE,receiving_yards,Receiving Yards,Over,Higher,10.5,Cole Kmet Higher 10.5 Receiving Yards,0.5546,0,2,8,False,,True,,,Prop,GB,CHI,,False,False
2026,5,2026-10-08T19:02:02.404095+00:00,2026-10-11T17:00:00Z,2caea57b1e5cfbba1334cfbfd46f6771,CHI @ GB,Kyle Monangai,00-0040236,CHI,GB,RB,receiving_yards,Receiving Yards,Over,Higher,4.5,Kyle Monangai Higher 4.5 Receiving Yards,0.5387,0,2,7,False,,True,,,Prop,GB,CHI,,False,False
2026,5,2026-10-08T19:02:02.404095+00:00,2026-10-11T17:00:00Z,c4647ca1201e6768501877267ca8251b,CIN @ MIA,Will Kacmarek,00-0041524,MIA,CIN,TE,receiving_yards,Receiving Yards,Over,Higher,6.5,Will Kacmarek Higher 6.5 Receiving Yards,0.5991,0,5,6,False,,True,,,Prop,MIA,CIN,,False,False
2026,5,2026-10-08T19:02:02.404095+00:00,2026-10-11T17:00:00Z,c4647ca1201e6768501877267ca8251b,CIN @ MIA,Ollie Gordon II,00-0040198,MIA,CIN,RB,receiving_yards,Receiving Yards,Under,Lower,10.5,Ollie Gordon II Lower 10.5 Receiving Yards,0.5453,4,2,7,False,,True,,,Prop,MIA,CIN,,False,False
2026,5,2026-10-08T19:02:02.404095+00:00,2026-10-11T17:00:00Z,c4647ca1201e6768501877267ca8251b,CIN @ MIA,Malik Willis,00-0038128,MIA,CIN,QB,passing_yards,Pass Yards,Under,Lower,192.5,Malik Willis Lower 192.5 Pass Yards,0.5409,6,3,6,False,,True,,,Prop,MIA,CIN,,False,False
2026,5,2026-10-08T19:02:02.404095+00:00,2026-10-11T17:00:00Z,9db4ed15fe34fca1fb62f040cd244591,CLE @ NYJ,Raheim Sanders,00-0040466,CLE,NYJ,RB,rushing_yards,Rush Yards,Over,Higher,5.5,Raheim Sanders Higher 5.5 Rush Yards,0.6606,0,4,7,False,,True,,,Prop,NYJ,CLE,,False,True
2026,5,2026-10-08T19:02:02.404095+00:00,2026-10-11T17:00:00Z,9db4ed15fe34fca1fb62f040cd244591,CLE @ NYJ,Mason Taylor,00-0040736,NYJ,CLE,TE,receiving_yards,Receiving Yards,Over,Higher,14.5,Mason Taylor Higher 14.5 Receiving Yards,0.6531,0,2,7,False,,True,,,Prop,NYJ,CLE,,False,True
2026,5,2026-10-08T19:02:02.404095+00:00,2026-10-11T17:00:00Z,9db4ed15fe34fca1fb62f040cd244591,CLE @ NYJ,Isaiah Williams,00-0039451,NYJ,CLE,WR,receiving_yards,Receiving Yards,Over,Higher,23.5,Isaiah Williams Higher 23.5 Receiving Yards,0.6245,0,5,7,False,,True,,,Prop,NYJ,CLE,,False,True
2026,5,2026-10-08T19:02:02.404095+00:00,2026-10-11T17:00:00Z,9db4ed15fe34fca1fb62f040cd244591,CLE @ NYJ,Jerry Jeudy,00-0036407,CLE,NYJ,WR,receiving_yards,Receiving Yards,Over,Higher,12.5,Jerry Jeudy Higher 12.5 Receiving Yards,0.6101,0,2,7,False,,True,,,Prop,NYJ,CLE,,False,False
2026,5,2026-10-08T19:02:02.404095+00:00,2026-10-11T17:00:00Z,cc52bba56e74f5cddbe9011046181c3d,HOU @ TEN,Wan'Dale Robinson,00-0038117,TEN,HOU,WR,receiving_yards,Receiving Yards,Over,Higher,32.5,Wan'Dale Robinson Higher 32.5 Receiving Yards,0.5575,7,3,7,False,,True,,,Prop,TEN,HOU,,False,False
2026,5,2026-10-08T19:02:02.404095+00:00,2026-10-11T17:00:00Z,cc52bba56e74f5cddbe9011046181c3d,HOU @ TEN,Xavier Hutchinson,00-0038618,HOU,TEN,WR,receiving_yards,Receiving Yards,Over,Higher,15.5,Xavier Hutchinson Higher 15.5 Receiving Yards,0.5509,7,3,7,False,,True,,,Prop,TEN,HOU,,False,False
2026,5,2026-10-08T19:02:02.404095+00:00,2026-10-11T17:00:00Z,cc52bba56e74f5cddbe9011046181c3d,HOU @ TEN,Tony Pollard,00-0035261,TEN,HOU,RB,receiving_yards,Receiving Yards,Under,Lower,8.5,Tony Pollard Lower 8.5 Receiving Yards,0.5495,6,3,6,False,,True,,,Prop,TEN,HOU,,False,False
2026,5,2026-10-08T19:02:02.404095+00:00,2026-10-11T17:00:00Z,448d7cf18c6db4c811ed82ded1b72867,IND @ PIT,Aaron Rodgers,00-0023459,PIT,IND,QB,rushing_yards,Rush Yards,Over,Higher,0.5,Aaron Rodgers Higher 0.5 Rush Yards,0.5624,0,2,5,False,,True,,,Prop,PIT,IND,,False,False
2026,5,2026-10-08T19:02:02.404095+00:00,2026-10-11T17:00:00Z,448d7cf18c6db4c811ed82ded1b72867,IND @ PIT,Daniel Jones,00-0035710,IND,PIT,QB,rushing_yards,Rush Yards,Under,Lower,10.5,Daniel Jones Lower 10.5 Rush Yards,0.5599,7,2,6,False,,True,,,Prop,PIT,IND,,False,False
2026,5,2026-10-08T19:02:02.404095+00:00,2026-10-11T17:00:00Z,448d7cf18c6db4c811ed82ded1b72867,IND @ PIT,Jonathan Taylor,00-0036223,IND,PIT,RB,receiving_yards,Receiving Yards,Over,Higher,15.5,Jonathan Taylor Higher 15.5 Receiving Yards,0.5401,7,3,7,False,,True,,,Prop,PIT,IND,,False,False
2026,5,2026-10-08T19:02:02.404095+00:00,2026-10-11T17:00:00Z,6b024bad1abb54f597225e4ab9b39d89,LV @ NE,Drake Maye,00-0039851,NE,LV,QB,rushing_yards,Rush Yards,Under,Lower,31.5,Drake Maye Lower 31.5 Rush Yards,0.5505,6,1,6,False,,True,,,Prop,NE,LV,,False,False
2026,5,2026-10-08T19:02:02.404095+00:00,2026-10-11T17:00:00Z,6b024bad1abb54f597225e4ab9b39d89,LV @ NE,Michael Mayer,00-0039066,LV,NE,TE,receiving_yards,Receiving Yards,Over,Higher,28.5,Michael Mayer Higher 28.5 Receiving Yards,0.5477,7,5,8,False,,True,,,Prop,NE,LV,,False,False
2026,5,2026-10-08T19:02:02.404095+00:00,2026-10-11T17:00:00Z,6b024bad1abb54f597225e4ab9b39d89,LV @ NE,Brock Bowers,00-0039338,LV,NE,TE,receiving_yards,Receiving Yards,Under,Lower,72.5,Brock Bowers Lower 72.5 Receiving Yards,0.5285,7,4,8,False,,True,,,Prop,NE,LV,,False,False
2026,5,2026-10-08T19:02:02.404095+00:00,2026-10-11T17:00:00Z,2cda9bf0fbe35a2735f0dd8aaafe9eff,MIN @ NO,Tyler Shough,00-0040743,NO,MIN,QB,rushing_yards,Rush Yards,Over,Higher,9.5,Tyler Shough Higher 9.5 Rush Yards,0.5602,5,1,6,False,,True,,,Prop,NO,MIN,,False,False
2026,5,2026-10-08T19:02:02.404095+00:00,2026-10-11T17:00:00Z,2cda9bf0fbe35a2735f0dd8aaafe9eff,MIN @ NO,Aaron Jones,00-0033293,MIN,NO,RB,rushing_yards,Rush Yards,Over,Higher,72.5,Aaron Jones Higher 72.5 Rush Yards,0.5433,6,5,8,False,,True,,,Prop,NO,MIN,,False,False
2026,5,2026-10-08T19:02:02.404095+00:00,2026-10-11T17:00:00Z,2cda9bf0fbe35a2735f0dd8aaafe9eff,MIN @ NO,Devaughn Vele,00-0039424,NO,MIN,WR,receiving_yards,Receiving Yards,Over,Higher,36.5,Devaughn Vele Higher 36.5 Receiving Yards,0.5371,6,4,8,False,,True,,,Prop,NO,MIN,,False,False
2026,5,2026-10-08T19:02:02.404095+00:00,2026-10-11T17:00:00Z,2cda9bf0fbe35a2735f0dd8aaafe9eff,MIN @ NO,Kyler Murray,00-0035228,MIN,NO,QB,rushing_yards,Rush Yards,Over,Higher,17.5,Kyler Murray Higher 17.5 Rush Yards,0.5244,6,3,6,False,,True,,,Prop,NO,MIN,,False,False
2026,5,2026-10-08T19:02:02.404095+00:00,2026-10-11T17:00:00Z,fbffd0b7722fd81d68d5d62472dc80e8,NYG @ WAS,Jacory Croskey-Merritt,00-0040242,WAS,NYG,RB,receiving_yards,Receiving Yards,Under,Lower,8.5,Jacory Croskey-Merritt Lower 8.5 Receiving Yards,0.74,0,2,5,False,,True,,,Prop,WAS,NYG,,False,False
2026,5,2026-10-08T19:02:02.404095+00:00,2026-10-11T17:00:00Z,fbffd0b7722fd81d68d5d62472dc80e8,NYG @ WAS,Theo Johnson,00-0039847,NYG,WAS,TE,receiving_yards,Receiving Yards,Over,Higher,4.5,Theo Johnson Higher 4.5 Receiving Yards,0.697,0,1,8,False,,True,,,Prop,WAS,NYG,,False,True
2026,5,2026-10-08T19:02:02.404095+00:00,2026-10-11T17:00:00Z,fbffd0b7722fd81d68d5d62472dc80e8,NYG @ WAS,Najee Harris,00-0036893,NYG,WAS,RB,receiving_yards,Receiving Yards,Under,Lower,4.5,Najee Harris Lower 4.5 Receiving Yards,0.6867,0,6,7,False,,True,,,Prop,WAS,NYG,,False,True
2026,5,2026-10-08T19:02:02.404095+00:00,2026-10-11T17:00:00Z,fbffd0b7722fd81d68d5d62472dc80e8,NYG @ WAS,Chig Okonkwo,00-0037809,WAS,NYG,TE,receiving_yards,Receiving Yards,Under,Lower,27.5,Chig Okonkwo Lower 27.5 Receiving Yards,0.5647,0,3,6,False,,True,,,Prop,WAS,NYG,,False,False
2026,5,2026-10-08T19:02:02.404095+00:00,2026-10-11T20:05:00Z,d1d408fdfd272046fb517fe992a1c5a0,DEN @ LAC,Marvin Mims Jr.,00-0038976,DEN,LAC,WR,receiving_yards,Receiving Yards,Over,Higher,11.5,Marvin Mims Jr. Higher 11.5 Receiving Yards,0.5555,6,3,8,False,,True,,,Prop,LAC,DEN,,False,False
2026,5,2026-10-08T19:02:02.404095+00:00,2026-10-11T20:05:00Z,d1d408fdfd272046fb517fe992a1c5a0,DEN @ LAC,Bo Nix,00-0039732,DEN,LAC,QB,rushing_yards,Rush Yards,Under,Lower,14.5,Bo Nix Lower 14.5 Rush Yards,0.5549,7,3,6,False,,True,,,Prop,LAC,DEN,,False,False
2026,5,2026-10-08T19:02:02.404095+00:00,2026-10-11T20:05:00Z,d1d408fdfd272046fb517fe992a1c5a0,DEN @ LAC,RJ Harvey,00-0040730,DEN,LAC,RB,rushing_yards,Rush Yards,Over,Higher,18.5,RJ Harvey Higher 18.5 Rush Yards,0.5522,7,3,8,False,,True,,,Prop,LAC,DEN,,False,False
2026,5,2026-10-08T19:02:02.404095+00:00,2026-10-11T20:25:00Z,f8e7f43f73aa983c5c99c189587f0118,DET @ ARI,Elijah Higgins,00-0039041,ARI,DET,TE,receiving_yards,Receiving Yards,Over,Higher,8.5,Elijah Higgins Higher 8.5 Receiving Yards,0.6021,0,3,6,False,,True,,,Prop,ARI,DET,,False,False
2026,5,2026-10-08T19:02:02.404095+00:00,2026-10-11T20:25:00Z,f8e7f43f73aa983c5c99c189587f0118,DET @ ARI,Jacoby Brissett,00-0033119,ARI,DET,QB,rushing_yards,Rush Yards,Over,Higher,6.5,Jacoby Brissett Higher 6.5 Rush Yards,0.5478,6,2,6,False,,True,,,Prop,ARI,DET,,False,False
2026,5,2026-10-08T19:02:02.404095+00:00,2026-10-11T20:25:00Z,f8e7f43f73aa983c5c99c189587f0118,DET @ ARI,Jameson Williams,00-0037240,DET,ARI,WR,receiving_yards,Receiving Yards,Over,Higher,51.5,Jameson Williams Higher 51.5 Receiving Yards,0.5455,7,4,7,False,,True,,,Prop,ARI,DET,,False,False
2026,5,2026-10-08T19:02:02.404095+00:00,2026-10-11T20:25:00Z,f8e7f43f73aa983c5c99c189587f0118,DET @ ARI,Tyler Allgeier,00-0037263,ARI,DET,RB,receiving_yards,Receiving Yards,Under,Lower,11.5,Tyler Allgeier Lower 11.5 Receiving Yards,0.5381,5,2,6,False,,True,,,Prop,ARI,DET,,False,False
2026,5,2026-10-08T19:02:02.404095+00:00,2026-10-11T20:25:00Z,8e5d515b10d8a5ffb324640ed60bcc55,SF @ SEA,AJ Barner,00-0039793,SEA,SF,TE,receiving_yards,Receiving Yards,Over,Higher,24.5,AJ Barner Higher 24.5 Receiving Yards,0.5498,7,5,8,False,,True,,,Prop,SEA,SF,,False,False
2026,5,2026-10-08T19:02:02.404095+00:00,2026-10-11T20:25:00Z,8e5d515b10d8a5ffb324640ed60bcc55,SF @ SEA,George Holani,00-0039299,SEA,SF,RB,receiving_yards,Receiving Yards,Under,Lower,9.5,George Holani Lower 9.5 Receiving Yards,0.5468,5,1,7,False,,True,,,Prop,SEA,SF,,False,False
2026,5,2026-10-08T19:02:02.404095+00:00,2026-10-11T20:25:00Z,8e5d515b10d8a5ffb324640ed60bcc55,SF @ SEA,Sam Darnold,00-0034869,SEA,SF,QB,passing_yards,Pass Yards,Under,Lower,229.5,Sam Darnold Lower 229.5 Pass Yards,0.5396,7,2,6,False,,True,,,Prop,SEA,SF,,False,False
2026,5,2026-10-08T19:02:02.404095+00:00,2026-10-12T00:20:00Z,86457f91112732f21ad4bb7d37bd291c,BAL @ ATL,Tyler Huntley,00-0035993,BAL,ATL,QB,rushing_yards,Rush Yards,Under,Lower,23.5,Tyler Huntley Lower 23.5 Rush Yards,0.6289,0,3,5,False,,True,,,Prop,ATL,BAL,,False,True
2026,5,2026-10-08T19:02:02.404095+00:00,2026-10-12T00:20:00Z,86457f91112732f21ad4bb7d37bd291c,BAL @ ATL,Justice Hill,00-0034975,BAL,ATL,RB,receiving_yards,Receiving Yards,Over,Higher,7.5,Justice Hill Higher 7.5 Receiving Yards,0.5565,0,3,6,False,,True,,,Prop,ATL,BAL,,False,False
2026,5,2026-10-08T19:02:02.404095+00:00,2026-10-12T00:20:00Z,86457f91112732f21ad4bb7d37bd291c,BAL @ ATL,Rashod Bateman,00-0036550,BAL,ATL,WR,receiving_yards,Receiving Yards,Over,Higher,17.5,Rashod Bateman Higher 17.5 Receiving Yards,0.552,6,4,8,False,,True,,,Prop,ATL,BAL,,False,False
2026,5,2026-10-08T19:02:02.404095+00:00,2026-10-12T00:20:00Z,86457f91112732f21ad4bb7d37bd291c,BAL @ ATL,Derrick Henry,00-0032764,BAL,ATL,RB,rushing_yards,Rush Yards,Under,Lower,84.5,Derrick Henry Lower 84.5 Rush Yards,0.5388,7,2,7,False,,True,,,Prop,ATL,BAL,,False,False
2026,5,2026-10-08T19:02:02.404095+00:00,2026-10-13T00:15:00Z,e6d00eedd87d367e510314bd8cab8f6f,BUF @ LA,Dawson Knox,00-0035689,BUF,LA,TE,receiving_yards,Receiving Yards,Over,Higher,14.5,Dawson Knox Higher 14.5 Receiving Yards,0.5559,0,3,6,False,,True,,,Prop,LA,BUF,,False,False
2026,5,2026-10-08T19:02:02.404095+00:00,2026-10-13T00:15:00Z,e6d00eedd87d367e510314bd8cab8f6f,BUF @ LA,Dalton Kincaid,00-0038933,BUF,LA,TE,receiving_yards,Receiving Yards,Under,Lower,49.5,Dalton Kincaid Lower 49.5 Receiving Yards,0.5521,7,3,7,False,,True,,,Prop,LA,BUF,,False,False
2026,5,2026-10-08T19:02:02.404095+00:00,2026-10-13T00:15:00Z,e6d00eedd87d367e510314bd8cab8f6f,BUF @ LA,Josh Allen,00-0034857,BUF,LA,QB,passing_tds,Pass TDs,Under,Lower,1.5,Josh Allen Lower 1.5 Pass TDs,0.5499,7,1,6,False,,True,,,Prop,LA,BUF,,False,False
2026,5,2026-10-08T19:02:02.404095+00:00,2026-10-09T00:15:00Z,259b5df9aa0d10257f56de78523495e0,TB @ DAL,,,DAL,,,Spread,Spread,cover,,-9.0,DAL -9,0.5067,8,2,4,False,,False,,,Spread,DAL,TB,-103.0,True,False
2026,5,2026-10-08T19:02:02.404095+00:00,2026-10-09T00:15:00Z,259b5df9aa0d10257f56de78523495e0,TB @ DAL,,,,,,Total,Total,Over,,48.5,Over 48.5,0.5271,8,2,4,False,,False,,,Total,DAL,TB,-111.0,True,False
2026,5,2026-10-08T19:02:02.404095+00:00,2026-10-09T00:15:00Z,259b5df9aa0d10257f56de78523495e0,TB @ DAL,,,DAL,,,Moneyline,Moneyline,win,,,DAL to win,0.8013,8,2,2,False,,False,,,Moneyline,DAL,TB,-403.0,True,True
2026,5,2026-10-08T19:02:02.404095+00:00,2026-10-11T13:30:00Z,21b26266f3d78af02eb672e606275d95,PHI @ JAX,,,JAX,,,Spread,Spread,cover,,-7.5,JAX -7.5,0.5172,8,1,4,False,,False,,,Spread,JAX,PHI,-107.0,True,False
2026,5,2026-10-08T19:02:02.404095+00:00,2026-10-11T13:30:00Z,21b26266f3d78af02eb672e606275d95,PHI @ JAX,,,,,,Total,Total,Over,,41.5,Over 41.5,0.5317,8,2,4,False,,False,,,Total,JAX,PHI,-114.0,True,False
2026,5,2026-10-08T19:02:02.404095+00:00,2026-10-11T13:30:00Z,21b26266f3d78af02eb672e606275d95,PHI @ JAX,,,JAX,,,Moneyline,Moneyline,win,,,JAX to win,0.7548,8,2,2,False,,False,,,Moneyline,JAX,PHI,-308.0,True,True
2026,5,2026-10-08T19:02:02.404095+00:00,2026-10-11T17:00:00Z,2caea57b1e5cfbba1334cfbfd46f6771,CHI @ GB,,,CHI,,,Spread,Spread,cover,,-1.5,CHI -1.5,0.5075,8,1,4,False,,False,,,Spread,GB,CHI,-103.0,True,False
2026,5,2026-10-08T19:02:02.404095+00:00,2026-10-11T17:00:00Z,2caea57b1e5cfbba1334cfbfd46f6771,CHI @ GB,,,,,,Total,Total,Over,,45.5,Over 45.5,0.5195,8,1,4,False,,False,,,Total,GB,CHI,-108.0,True,False
2026,5,2026-10-08T19:02:02.404095+00:00,2026-10-11T17:00:00Z,2caea57b1e5cfbba1334cfbfd46f6771,CHI @ GB,,,CHI,,,Moneyline,Moneyline,win,,,CHI to win,0.5374,8,1,2,False,,False,,,Moneyline,GB,CHI,-116.0,True,False
2026,5,2026-10-08T19:02:02.404095+00:00,2026-10-11T17:00:00Z,c4647ca1201e6768501877267ca8251b,CIN @ MIA,,,CIN,,,Spread,Spread,cover,,-6.5,CIN -6.5,0.5069,8,1,4,False,,False,,,Spread,MIA,CIN,-103.0,True,False
2026,5,2026-10-08T19:02:02.404095+00:00,2026-10-11T17:00:00Z,c4647ca1201e6768501877267ca8251b,CIN @ MIA,,,,,,Total,Total,Over,,42.5,Over 42.5,0.54,8,2,4,False,,False,,,Total,MIA,CIN,-117.0,True,False
2026,5,2026-10-08T19:02:02.404095+00:00,2026-10-11T17:00:00Z,c4647ca1201e6768501877267ca8251b,CIN @ MIA,,,CIN,,,Moneyline,Moneyline,win,,,CIN to win,0.7311,8,2,2,False,,False,,,Moneyline,MIA,CIN,-272.0,True,True
2026,5,2026-10-08T19:02:02.404095+00:00,2026-10-11T17:00:00Z,9db4ed15fe34fca1fb62f040cd244591,CLE @ NYJ,,,CLE,,,Spread,Spread,cover,,2.5,CLE +2.5,0.5108,8,3,4,False,,False,,,Spread,NYJ,CLE,-104.0,True,False
2026,5,2026-10-08T19:02:02.404095+00:00,2026-10-11T17:00:00Z,9db4ed15fe34fca1fb62f040cd244591,CLE @ NYJ,,,,,,Total,Total,Over,,39.5,Over 39.5,0.5277,8,2,4,False,,False,,,Total,NYJ,CLE,-112.0,True,False
2026,5,2026-10-08T19:02:02.404095+00:00,2026-10-11T17:00:00Z,9db4ed15fe34fca1fb62f040cd244591,CLE @ NYJ,,,NYJ,,,Moneyline,Moneyline,win,,,NYJ to win,0.5516,8,1,2,False,,False,,,Moneyline,NYJ,CLE,-123.0,True,False
2026,5,2026-10-08T19:02:02.404095+00:00,2026-10-11T17:00:00Z,cc52bba56e74f5cddbe9011046181c3d,HOU @ TEN,,,HOU,,,Spread,Spread,cover,,-7.5,HOU -7.5,0.5185,8,1,4,False,,False,,,Spread,TEN,HOU,-108.0,True,False
2026,5,2026-10-08T19:02:02.404095+00:00,2026-10-11T17:00:00Z,cc52bba56e74f5cddbe9011046181c3d,HOU @ TEN,,,,,,Total,Total,Over,,38.0,Over 38,0.5387,8,2,4,False,,False,,,Total,TEN,HOU,-117.0,True,False
2026,5,2026-10-08T19:02:02.404095+00:00,2026-10-11T17:00:00Z,cc52bba56e74f5cddbe9011046181c3d,HOU @ TEN,,,HOU,,,Moneyline,Moneyline,win,,,HOU to win,0.7647,8,2,2,False,,False,,,Moneyline,TEN,HOU,-325.0,True,True
2026,5,2026-10-08T19:02:02.404095+00:00,2026-10-11T17:00:00Z,448d7cf18c6db4c811ed82ded1b72867,IND @ PIT,,,PIT,,,Spread,Spread,cover,,-2.5,PIT -2.5,0.5093,8,2,4,False,,False,,,Spread,PIT,IND,-104.0,True,False
2026,5,2026-10-08T19:02:02.404095+00:00,2026-10-11T17:00:00Z,448d7cf18c6db4c811ed82ded1b72867,IND @ PIT,,,,,,Total,Total,Over,,44.5,Over 44.5,0.5236,8,2,4,False,,False,,,Total,PIT,IND,-110.0,True,False
2026,5,2026-10-08T19:02:02.404095+00:00,2026-10-11T17:00:00Z,448d7cf18c6db4c811ed82ded1b72867,IND @ PIT,,,PIT,,,Moneyline,Moneyline,win,,,PIT to win,0.5704,8,2,2,False,,False,,,Moneyline,PIT,IND,-133.0,True,False
2026,5,2026-10-08T19:02:02.404095+00:00,2026-10-11T17:00:00Z,6b024bad1abb54f597225e4ab9b39d89,LV @ NE,,,NE,,,Spread,Spread,cover,,-3.5,NE -3.5,0.5182,8,2,4,False,,False,,,Spread,NE,LV,-108.0,True,False
2026,5,2026-10-08T19:02:02.404095+00:00,2026-10-11T17:00:00Z,6b024bad1abb54f597225e4ab9b39d89,LV @ NE,,,,,,Total,Total,Over,,45.0,Over 45,0.5038,8,1,4,False,,False,,,Total,NE,LV,-102.0,True,False
2026,5,2026-10-08T19:02:02.404095+00:00,2026-10-11T17:00:00Z,6b024bad1abb54f597225e4ab9b39d89,LV @ NE,,,NE,,,Moneyline,Moneyline,win,,,NE to win,0.6322,8,2,2,False,,False,,,Moneyline,NE,LV,-172.0,True,True
2026,5,2026-10-08T19:02:02.404095+00:00,2026-10-11T17:00:00Z,2cda9bf0fbe35a2735f0dd8aaafe9eff,MIN @ NO,,,MIN,,,Spread,Spread,cover,,-2.5,MIN -2.5,0.5058,8,1,4,False,,False,,,Spread,NO,MIN,-102.0,True,False
2026,5,2026-10-08T19:02:02.404095+00:00,2026-10-11T17:00:00Z,2cda9bf0fbe35a2735f0dd8aaafe9eff,MIN @ NO,,,,,,Total,Total,Over,,41.5,Over 41.5,0.5232,8,1,4,False,,False,,,Total,NO,MIN,-110.0,True,False
2026,5,2026-10-08T19:02:02.404095+00:00,2026-10-11T17:00:00Z,2cda9bf0fbe35a2735f0dd8aaafe9eff,MIN @ NO,,,MIN,,,Moneyline,Moneyline,win,,,MIN to win,0.5575,8,2,2,False,,False,,,Moneyline,NO,MIN,-126.0,True,False
2026,5,2026-10-08T19:02:02.404095+00:00,2026-10-11T17:00:00Z,fbffd0b7722fd81d68d5d62472dc80e8,NYG @ WAS,,,WAS,,,Spread,Spread,cover,,-4.0,WAS -4,0.5042,8,2,4,False,,False,,,Spread,WAS,NYG,-102.0,True,False
2026,5,2026-10-08T19:02:02.404095+00:00,2026-10-11T17:00:00Z,fbffd0b7722fd81d68d5d62472dc80e8,NYG @ WAS,,,,,,Total,Total,Over,,41.5,Over 41.5,0.5485,8,2,4,False,,False,,,Total,WAS,NYG,-122.0,True,False
2026,5,2026-10-08T19:02:02.404095+00:00,2026-10-11T17:00:00Z,fbffd0b7722fd81d68d5d62472dc80e8,NYG @ WAS,,,WAS,,,Moneyline,Moneyline,win,,,WAS to win,0.6384,8,2,2,False,,False,,,Moneyline,WAS,NYG,-177.0,True,True
2026,5,2026-10-08T19:02:02.404095+00:00,2026-10-11T20:05:00Z,d1d408fdfd272046fb517fe992a1c5a0,DEN @ LAC,,,LAC,,,Spread,Spread,cover,,3.5,LAC +3.5,0.5098,8,2,4,False,,False,,,Spread,LAC,DEN,-104.0,True,False
2026,5,2026-10-08T19:02:02.404095+00:00,2026-10-11T20:05:00Z,d1d408fdfd272046fb517fe992a1c5a0,DEN @ LAC,,,,,,Total,Total,Over,,41.5,Over 41.5,0.5261,8,1,4,False,,False,,,Total,LAC,DEN,-111.0,True,False
2026,5,2026-10-08T19:02:02.404095+00:00,2026-10-11T20:05:00Z,d1d408fdfd272046fb517fe992a1c5a0,DEN @ LAC,,,DEN,,,Moneyline,Moneyline,win,,,DEN to win,0.6201,8,2,2,False,,False,,,Moneyline,LAC,DEN,-163.0,True,True
2026,5,2026-10-08T19:02:02.404095+00:00,2026-10-11T20:25:00Z,f8e7f43f73aa983c5c99c189587f0118,DET @ ARI,,,DET,,,Spread,Spread,cover,,-5.5,DET -5.5,0.5192,8,1,4,False,,False,,,Spread,ARI,DET,-108.0,True,False
2026,5,2026-10-08T19:02:02.404095+00:00,2026-10-11T20:25:00Z,f8e7f43f73aa983c5c99c189587f0118,DET @ ARI,,,,,,Total,Total,Over,,54.5,Over 54.5,0.5,8,1,4,False,,False,,,Total,ARI,DET,-100.0,True,False
2026,5,2026-10-08T19:02:02.404095+00:00,2026-10-11T20:25:00Z,f8e7f43f73aa983c5c99c189587f0118,DET @ ARI,,,DET,,,Moneyline,Moneyline,win,,,DET to win,0.6891,8,2,2,False,,False,,,Moneyline,ARI,DET,-222.0,True,True
2026,5,2026-10-08T19:02:02.404095+00:00,2026-10-11T20:25:00Z,8e5d515b10d8a5ffb324640ed60bcc55,SF @ SEA,,,SEA,,,Spread,Spread,cover,,-3.0,SEA -3,0.5313,8,2,4,False,,False,,,Spread,SEA,SF,-113.0,True,False
2026,5,2026-10-08T19:02:02.404095+00:00,2026-10-11T20:25:00Z,8e5d515b10d8a5ffb324640ed60bcc55,SF @ SEA,,,,,,Total,Total,Over,,46.0,Over 46,0.5242,8,1,4,False,,False,,,Total,SEA,SF,-110.0,True,False
2026,5,2026-10-08T19:02:02.404095+00:00,2026-10-11T20:25:00Z,8e5d515b10d8a5ffb324640ed60bcc55,SF @ SEA,,,SEA,,,Moneyline,Moneyline,win,,,SEA to win,0.6074,8,2,2,False,,False,,,Moneyline,SEA,SF,-155.0,True,False
2026,5,2026-10-08T19:02:02.404095+00:00,2026-10-12T00:20:00Z,86457f91112732f21ad4bb7d37bd291c,BAL @ ATL,,,BAL,,,Spread,Spread,cover,,3.5,BAL +3.5,0.5224,8,2,4,False,,False,,,Spread,ATL,BAL,-109.0,True,False
2026,5,2026-10-08T19:02:02.404095+00:00,2026-10-12T00:20:00Z,86457f91112732f21ad4bb7d37bd291c,BAL @ ATL,,,,,,Total,Total,Over,,43.5,Over 43.5,0.5348,8,2,4,False,,False,,,Total,ATL,BAL,-115.0,True,False
2026,5,2026-10-08T19:02:02.404095+00:00,2026-10-12T00:20:00Z,86457f91112732f21ad4bb7d37bd291c,BAL @ ATL,,,ATL,,,Moneyline,Moneyline,win,,,ATL to win,0.6101,8,1,2,False,,False,,,Moneyline,ATL,BAL,-157.0,True,False
2026,5,2026-10-08T19:02:02.404095+00:00,2026-10-13T00:15:00Z,e6d00eedd87d367e510314bd8cab8f6f,BUF @ LA,,,LA,,,Spread,Spread,cover,,-3.0,LA -3,0.5215,8,1,4,False,,False,,,Spread,LA,BUF,-109.0,True,False
2026,5,2026-10-08T19:02:02.404095+00:00,2026-10-13T00:15:00Z,e6d00eedd87d367e510314bd8cab8f6f,BUF @ LA,,,,,,Total,Total,Over,,54.5,Over 54.5,0.5037,8,1,4,False,,False,,,Total,LA,BUF,-102.0,True,False
2026,5,2026-10-08T19:02:02.404095+00:00,2026-10-13T00:15:00Z,e6d00eedd87d367e510314bd8cab8f6f,BUF @ LA,,,LA,,,Moneyline,Moneyline,win,,,LA to win,0.6077,8,2,2,False,,False,,,Moneyline,LA,BUF,-155.0,True,False
